scenario,policy,counts,mean_cost,mean_ci95_low,mean_ci95_high,cvar95_cost,average_transit_days,carbon_kg
Normal operations,Joint CVaR,"[6, 14, 0]",153986.69556297368,153601.048848335,154372.34227761236,218368.58744796057,16.47049046198192,17760.0
Normal operations,Cost only,"[6, 14, 0]",153986.69556297368,153601.048848335,154372.34227761236,218368.58744796057,16.47049046198192,17760.0
Normal operations,Balanced feasible,"[7, 7, 6]",161344.9235158807,160942.37562179743,161747.471409964,228547.1578442408,16.07914867455967,18480.0
Normal operations,Additive tail proxy,"[6, 14, 0]",153986.69556297368,153601.048848335,154372.34227761236,218368.58744796057,16.47049046198192,17760.0
Monsoon weather,Joint CVaR,"[6, 14, 0]",223572.015722125,222978.9144822722,224165.11696197782,313741.961686076,19.61969993211366,17760.0
Monsoon weather,Cost only,"[6, 14, 0]",223572.015722125,222978.9144822722,224165.11696197782,313741.961686076,19.61969993211366,17760.0
Monsoon weather,Balanced feasible,"[7, 7, 6]",240822.04000882874,240200.9808340889,241443.09918356859,336379.10725166945,19.153366950460935,18480.0
Monsoon weather,Additive tail proxy,"[6, 14, 0]",223572.015722125,222978.9144822722,224165.11696197782,313741.961686076,19.61969993211366,17760.0
Port congestion,Joint CVaR,"[6, 14, 0]",254267.73182999773,253504.8465282627,255030.61713173278,360812.2816724488,22.686356362971377,17760.0
Port congestion,Cost only,"[6, 14, 0]",254267.73182999773,253504.8465282627,255030.61713173278,360812.2816724488,22.686356362971377,17760.0
Port congestion,Balanced feasible,"[7, 7, 6]",272107.0806415014,271334.3913874768,272879.769895526,383174.59553406195,22.27837011779767,18480.0
Port congestion,Additive tail proxy,"[6, 14, 0]",254267.73182999773,253504.8465282627,255030.61713173278,360812.2816724488,22.686356362971377,17760.0
Strait disruption,Joint CVaR,"[10, 10, 0]",298115.961643382,297154.9902278455,299076.93305891845,426050.2605005445,24.74820894588571,16800.0
Strait disruption,Cost only,"[6, 14, 0]",296800.8611327722,295808.609418409,297793.11284713534,426535.88953405677,26.102092411048325,17760.0
Strait disruption,Balanced feasible,"[7, 7, 6]",310743.91004299716,309790.8835436971,311696.9365422972,440676.11370546493,25.468425392701057,18480.0
Strait disruption,Additive tail proxy,"[6, 14, 0]",296800.8611327722,295808.609418409,297793.11284713534,426535.88953405677,26.102092411048325,17760.0
