month,vessel_arrivals,gross_tonnage_thousand
2023-09,10044,260668.89
2023-10,10364,262952.42
2023-11,10325,265224.41
2023-12,10741,266182.53
2024-01,10872,276629.63
2024-02,9987,252366.38
2024-03,10678,263626.61
2024-04,10066,250221.57
2024-05,10717,267371.92
2024-06,10107,240966.64
2024-07,10632,264463.05
2024-08,10796,261665.26
2024-09,10292,247633.18
2024-10,10724,263424.76
2024-11,10320,252960.33
2024-12,10727,271365.24
2025-01,10695,269554.58
2025-02,9660,227234.62
2025-03,10662,258091.47
2025-04,10558,260851.72
2025-05,11338,275644.96
2025-06,10841,262836.88
2025-07,11242,281540.66
2025-08,11182,277058.92
2025-09,10992,265274.34
2025-10,11552,280938.01
2025-11,11207,273269.65
2025-12,11892,288023.20
2026-01,12031,293346.24
2026-02,10886,257055.90
2026-03,11591,275916.11
2026-04,10873,261031.68
2026-05,11729,278622.13
2026-06,11520,279825.34
2026-07,11655,283056.48
2026-08,11631,279992.03

